{
   "buttonPanel": {
      "anchor_from" : "center",
      "anchor_to" : "center",
      "controls" : [
         {
            "button_common@BacteriaModUI.button_common" : {}
         },
         {
            "buttonPanelBackgroundImage@BacteriaModUI.buttonPanelBackgroundImage": {}
         }
      ],
      "layer" : 1,
      "offset" : ["30%", "30%"],
      "size" : [ "60%", "82%" ],
      "type" : "panel",
      "visible" : true
   },

   "buttonPanelBackgroundImage": {
      "anchor_from" : "center",
      "anchor_to" : "center",
      "is_new_nine_slice" : false,
      "layer" : 1,
      "nine_slice_buttom" : 0,
      "nine_slice_left" : 0,
      "nine_slice_right" : 0,
      "nine_slice_top" : 0,
      "offset" : [ 0, 0 ],
      "size" : [ "100.000000%+0 px", "100.000000%+0px" ],
      "texture" : "textures/ui/back",
      "texture_file_system" : "",
      "type" : "image",
      "visible" : false,
      "zip_folder" : ""
   },

   "button_common@common.button" : {
      "$default_color" : [ 1, 1, 1 ],
      "$default_texture" : "textures/ui/button_common",
      "$hover_texture" : "textures/ui/button_common",
      "$labelText" : "",
      "$label_font_size" : "large",
      "$nine_slice_buttom" : 0,
      "$nine_slice_left" : 0,
      "$nine_slice_right" : 0,
      "$nine_slice_top" : 0,
      "$pressed_button_name" : "%BacteriaModUI.on_common_click",
      "$text_offset" : [ 0, 0 ],
      "anchor_from" : "center",
      "anchor_to" : "center",
      "is_handle_button_move_event": true,
      "button_mappings": [],
      "controls" : [
         {
            "default" : {
               "is_new_nine_slice" : false,
               "layer" : 10,
               "nine_slice_buttom" : "$nine_slice_buttom",
               "nine_slice_left" : "$nine_slice_left",
               "nine_slice_right" : "$nine_slice_right",
               "nine_slice_top" : "$nine_slice_top",
               "texture" : "$default_texture",
               "type" : "image"
            }
         },
         {
            "hover" : {
               "is_new_nine_slice" : false,
               "layer" : 10,
               "nine_slice_buttom" : "$nine_slice_buttom",
               "nine_slice_left" : "$nine_slice_left",
               "nine_slice_right" : "$nine_slice_right",
               "nine_slice_top" : "$nine_slice_top",
               "texture" : "$hover_texture",
               "type" : "image"
            }
         },
         {
            "pressed" : {
               "is_new_nine_slice" : false,
               "layer" : 10,
               "nine_slice_buttom" : "$nine_slice_buttom",
               "nine_slice_left" : "$nine_slice_left",
               "nine_slice_right" : "$nine_slice_right",
               "nine_slice_top" : "$nine_slice_top",
               "texture" : "$hover_texture",
               "type" : "image"
            }
         },
         {
            "button_label" : {
               "color" : "$default_color",
               "font_size" : "$label_font_size",
               "layer" : 13,
               "max_size" : [ "100%", "100%" ],
               "offset" : "$text_offset",
               "shadow" : false,
               "text" : "$labelText",
               "type" : "label"
            }
         }
      ],
      "layer" : 15,
      "offset" : [ 0, 0],
      "size" : [ 36, 36 ],
      "visible" : false
   },

   "namespace" : "BacteriaModUI",
   "main@common.base_screen" : {
      "controls" : [
         {
            "buttonPanel@BacteriaModUI.buttonPanel" : {}
         }
      ]
   }
}
