{
  "format_version": "1.12",
  "minecraft:recipe_shaped": {
    "description": {
    "identifier": "BacteriaMod:BacteriaMod_Colony"
    },
    "tags": [ "crafting_table" ],
    "pattern": [
      "#P#",
      " W "
    ],
    "key": {
      "P": {
        "item": "minecraft:sponge"
      },
      "#": {
        "item": "minecraft:bread"
      },
      "W": {
        "item": "minecraft:bucket",
        "data": 8
      }
    },
    "result": {
      "item": "BacteriaMod:BacteriaMod_Colony"
    }
  }
}