{
  "format_version": "1.12",
  "minecraft:recipe_shaped": {
    "description": {
    "identifier": "BacteriaMod:BacteriaMod_Sterilizer"
    },
    "tags": [ "crafting_table" ],
    "pattern": [
      " # ",
      "#P#",
      " T "
    ],
    "key": {
      "P": {
        "item": "minecraft:iron_ingot"
      },
      "#": {
        "item": "BacteriaMod:BacteriaMod_Bacteria"
      },
      "T": {
        "item": "minecraft:redstone_torch"
      }
    },
    "result": {
      "item": "BacteriaMod:BacteriaMod_Sterilizer"
    }
  }
}