{
  "format_version": "1.10.0",
  "minecraft:block": {
   "description": {
     "identifier": "BacteriaMod:BacteriaMod_Bacteria",
	 "register_to_creative_menu": true,
	 "is_experimental": false
   },
   "components": {
      "minecraft:loot": {
	    "table": "loot_tables/blocks/BacteriaMod_Bacteria.json"
	  },
	  "minecraft:destroy_time": {
	    "value": 0.5
	  },
	  "netease:tier": {
	    "digger": "shovel",
		"destroy_special": false,
	    "level": 0
	  },
	   "netease:redstone": {
		   "type": "consumer"
	   },
	   "netease:block_entity": {
		   "tick": true
	   }
    }
  }
}